Timestamp,Question,Answer,Embedding,Type_Name
id,2024-12-25T14:34:28.224315,"A new instance needs to be created for carpentry intermediate level, dealing with the skill set of woodworking and the level is intermediate. The understanding of blueprint reading is good. However, the precision measurement used is something more common, let's say something like feet. The maintenance of tools is done on a regular basis, and the knowledge of material includes wood, plywood, mdf. The design skills in furniture aren't available, and the severity of this instance is two.","{
    ""Woodworking skills"": ""Intermediate"",
    ""Blueprint reading"": ""good"",
    ""Precision measurement"": ""feet"",
    ""Tool maintenance"": ""regular"",
    ""Material knowledge"": ""wood, plywood, mdf"",
    ""Furniture design"": ""null"",
    ""ruleInstanceName"": ""Carpentry Intermediate"",
    ""severity"": 2
} 
","[-0.026859922, -0.060155857, -0.032321665, -0.010243268, 0.0049089156, -0.017555825, 0.0058832765, -0.04920631, -0.023281548, -0.061684776, -0.047934536, -0.027751632, -0.031658195, -0.04089022, -0.018452141, 0.005355894, -0.0038549309, 0.0071583944, 0.022819357, -0.022289272, -0.005431896, 0.029781027, -0.0034065128, -0.0031154365, 0.04407384, 0.064097315, -0.02904245, 0.03355767, -0.03513641, 0.0035691245, -0.031409007, -0.019238349, 0.012657382, -0.026990764, 0.015460507, -0.050422367, 0.04812591, 0.02212856, 0.024286965, 0.024800103, 0.016149556, -0.0540627, -0.0067524128, -0.042596806, -0.0032531212, 0.0077958694, 0.036667075, 0.028300978, 0.054955658, 0.021551177, 0.020725464, -0.015733022, 0.03836411, -0.009887896, 0.036279533, 0.03366322, -0.0025651148, -0.104931615, -0.04893749, -0.023876233, 0.032730184, 0.020559004, -0.05332563, 0.045173887, -0.02293731, -0.026080428, -0.028248519, -0.013973, -0.025666982, -0.06475878, 0.049349055, -0.011189855, 0.010498536, 0.06372244, -0.04940179, 0.004795605, 0.0046083843, -0.004582225, -0.04678697, 0.02266784, -0.009608186, 0.045694795, 0.023024201, -0.023524037, 0.09772227, -0.0020980488, -0.0016256737, 0.0044381646, 0.09407972, 0.048643976, -0.046895772, -0.04021083, 0.022592524, 0.0025776923, -0.026526483, 0.05268531, -0.0020790226, 0.014292081, -0.043209814, 0.009662107, 0.042137843, 0.0077457293, -0.04237532, 0.01691092, 0.07029308, 0.009350958, -0.0013240463, -0.08728881, 0.038401846, 0.01091312, 0.011202167, 0.05595297, -0.028025243, 0.024675615, 0.03773774, -0.016434757, 0.012285618, -0.009489315, 0.023752833, 0.0072151097, -0.03466192, 0.010633528, -0.019540556, 0.027303096, -0.02209243, -0.0078092897, 0.009023448, -0.013784132, -0.0034303775, -0.025995873, 0.0023986294, 0.01328791, -0.010095055, 0.013293191, 0.026394345, 0.042193655, -0.0066152187, -0.006555603, -0.07930122, 0.013747953, 0.043815404, 0.0025774857, -0.04290485, -0.042177822, -0.027335567, -0.014535047, -0.006328886, 0.026002247, -0.043762874, -0.025225641, 0.013887603, -0.0047733053, 0.016726686, 0.05982785, -0.0070962347, -0.009660041, 0.008256863, -0.033530448, 0.050624885, 0.021029066, -0.048205964, -0.021379896, -0.041507833, 0.027474953, 0.00034863257, -0.044797193, 0.018520549, -0.029317018, 0.06775554, -0.0075292224, -0.04148003, 0.01040252, -0.0078214025, -0.035805114, 0.017899035, 0.016476868, -0.032998737, 0.013723224, 0.013715918, -0.030506425, 0.010315326, 0.025953317, 0.005520534, -0.0061258865, 0.0037570724, 0.059895977, -0.022602817, -0.0509096, -0.022612514, 0.015782103, -0.024940806, 0.027088543, -0.011190634, -0.008193771, 0.02644079, 0.008049295, 0.0272063, 0.035915043, 0.021653496, -0.062362317, -0.021403108, 0.030482566, -0.0020449492, -0.0029567105, -0.013405431, -0.042755853, 0.00943535, 0.007830353, -0.016110966, -0.01242181, -0.011337566, 0.07061124, -0.020062855, 0.00070753926, 0.031990614, -0.07097579, 0.021251228, 0.047503803, -0.03342869, -0.024387764, 0.024479121, -0.02989458, 0.087496825, 0.03783749, 0.023618925, 0.004895212, -0.0066055153, 0.03294984, 0.029565034, -0.007714439, -0.019064084, -0.062681936, 0.05381152, -0.019308863, 0.012576403, -0.005828883, 0.03816853, -0.051194984, -0.040956598, -0.027307115, -0.00819983, 0.036165014, 0.038632777, -0.034394998, -0.009992252, 0.015993524, 0.01789186, 0.015224435, -0.005713148, -0.022282582, -0.012646975, 0.03974745, -0.0856004, 0.002496146, 0.019082448, -0.014733532, -0.0030214693, -0.01650984, -0.007832068, 0.0286319, 0.0037887492, -0.029776715, -0.031674325, 0.012259251, 0.039020795, -0.028007835, -0.009810631, 0.043363243, 0.046793815, 0.021610552, -0.013006158, -0.06571256, -0.015411342, 0.0039761583, -0.025897207, -0.013678208, 0.030312218, -0.042850874, 0.025413562, -0.041229192, -0.01719182, 0.0042621405, 0.024317175, -0.0048914887, 0.0062316684, 0.073736124, -0.0026801096, -0.022512073, 0.03589995, 0.10714227, -0.014364544, 0.023572978, -0.029721215, 0.06482364, 0.022498816, 0.007434584, 0.0066237096, -0.00047486217, -0.01794765, 0.0046190964, -0.03114778, 0.0037088506, 0.0027550086, 0.016265992, 0.005405227, 0.0062229545, 0.02555527, -0.036960676, 0.039673615, -0.0088519035, 0.021607857, -0.0030902561, -0.0032936519, -0.0652663, -0.039706748, -0.009123324, -0.001283109, 0.02421436, -0.03006952, -0.020222977, 0.013749131, 0.017436879, 0.039966926, -0.09447992, 0.02849396, 0.05999335, -0.019660858, 0.018560579, 0.005130507, -0.006633454, 0.0064849285, 0.06481147, -0.08451317, 0.018594312, -0.012109849, -0.0015707888, -0.006672526, -0.063813835, 0.08456696, 0.005002374, 0.01789967, -0.053202774, 0.03589206, -0.007370898, -0.018105127, -0.0065532243, -0.014923188, 0.04261008, 0.018799338, 0.0071613314, -0.00085659174, -0.01793588, -0.0023742828, 0.02268294, 0.016330935, 0.04317679, 0.057268206, -0.006287564, 0.045376517, -0.017535346, -0.014179237, -0.028819127, -0.010468294, -0.012166329, -0.058297575, 0.086933106, 0.015883673, 0.067627996, 0.0042609395, -0.018760387, -0.03940822, -0.037124153, -0.006525061, 0.030772848, -0.007115397, 0.0065027657, 0.0029786055, -0.005098097, -0.01737948, -0.04488596, 0.02610909, -0.010795571, 0.033640087, -0.008067698, 0.018688297, 0.03893284, 0.018243944, -0.029524107, -0.017765008, -0.0020809413, -0.0026305723, -0.043865383, -0.04909761, 0.004710223, 0.025822986, -0.007245915, -0.0050413036, 0.010663072, -0.08459522, 0.038603023, -0.081184596, -0.049921617, -0.0051737926, 0.044043794, -0.008645823, -0.020125436, 0.047602814, -0.009910136, 0.021878997, 0.0019248407, 0.008665629, -0.08412103, 0.03621722, -0.11176846, 0.015209833, -0.032081723, 0.065273516, -0.006935641, -0.03451224, -0.025673836, 0.07029437, 0.025581611, 0.00994399, 0.058442004, 0.029631792, 0.02268161, -0.01982546, 0.024967447, 0.0041108676, -0.06857541, 0.016126264, -0.031139066, 0.0049945842, 0.04825986, -0.03169954, 0.015056853, 0.024636326, 0.038115703, 0.023470774, 0.06849662, -0.021617198, -0.00044771077, -0.006317762, 0.02148721, 0.02469524, -0.0019466777, 0.007786363, -0.029098032, -0.0023264578, 0.008740832, 0.025206996, -0.055199586, -0.017925963, 0.0064095957, 0.016568532, 0.030009367, 0.02553092, 0.0046213125, -0.0034827718, -0.07237939, -0.011838919, 0.0034163296, -0.12533495, 0.05063477, -0.043433513, 0.05187571, -0.022262005, 0.030622652, -0.040078744, 0.058013886, 0.024600754, -0.05292222, 0.020185374, -0.028393384, -0.026549952, 0.051551823, 0.012990384, 0.027266463, -0.02170703, 0.06415563, 0.015489492, 0.0031244669, -0.004336912, -0.038414817, -0.04554371, -0.0056799757, -0.04929785, 0.012285771, 0.014126421, 0.012758613, -0.055333484, -0.008969282, 0.025603864, 0.03924805, -0.065766715, 0.03506111, -0.017050264, 0.035892084, 0.0037700378, -0.04594597, -0.037746083, 0.051050015, 0.020124778, -0.016020883, 0.03095845, 0.014699459, 0.05524807, -0.06662043, 0.010037421, 0.06684889, 0.024153644, 0.016840898, 0.028236588, -0.022668457, 0.06389301, -0.011994346, 0.0761309, 0.0588425, -0.05860892, 0.036432542, -0.046183296, 0.02317997, -0.02078012, 0.059348647, -0.023620024, 0.038601786, -0.036511764, -0.0034455517, 0.024351548, 0.03245575, 0.0022391311, 0.03606311, -0.041861814, 0.0063260645, -0.00024275397, 0.009157319, -0.0296673, -0.0049425876, 0.02361407, -0.02704813, -0.0012622031, 0.029080901, -0.02489245, 0.014024833, 0.06430166, 0.019020252, 0.014353266, 0.04092708, 0.04431926, -0.08068321, -0.013024307, -0.03887613, 0.031281892, -0.0228129, -0.046098784, -0.002197452, -0.004634547, 0.0037570784, -0.047657944, -0.052945387, 0.025572008, -0.056273784, 0.052464105, 0.030459473, 0.019574543, -0.069487855, -0.023613093, -0.037712153, 0.038707897, -0.04317735, -0.019279504, -0.08672319, 0.00044614056, 0.050333977, 0.022968253, 0.011168941, -0.009251138, -0.025065023, -0.005770042, -0.005110722, 0.028925946, -0.033996712, 0.045749567, 0.03639687, 0.018181566, -0.009864431, -0.002228857, 0.011258776, 0.015956162, -0.010333677, -0.051889557, 0.025192842, 0.026744282, 0.008406433, -0.023159772, 0.077286705, 0.054364398, -0.30110914, 0.032921243, -0.0046041138, 0.030363893, -0.015081866, 0.013903948, -0.026267642, 0.041279912, 0.04544256, -0.005931778, -0.03363645, -0.02861565, 0.076845065, -0.011496689, -0.0024415422, -0.008375435, -0.011476638, 0.0052981465, 0.00031967828, 0.05535062, 0.00443128, -0.03836103, -0.06490191, 0.029388243, -0.07646771, 0.046497904, -0.028370531, 0.062872276, -0.004433204, 0.043466512, 0.02624506, 0.036218602, -0.011184113, -0.050080854, 0.023932092, -0.049496267, -0.01474262, 0.028061038, 0.0101641035, 0.021164102, 0.024743639, -0.04005796, 0.057267338, 0.03490392, 0.018519532, -0.02981782, 0.0045376336, 0.028653169, -0.0032057574, 0.023230327, 0.04028532, -0.003168242, -0.0010091783, 0.035226505, 0.06275801, -0.023206627, -0.038093735, 0.035917968, -0.0021050235, -0.00872926, 0.014056912, -0.0024360386, 0.0015700769, 0.023986185, -0.020408792, -0.013290976, -0.030849773, -0.0129920645, -0.026997773, 0.03308764, 0.050334495, -0.10773936, -0.023596678, 0.020068837, 0.070783906, -0.030647822, 0.030380806, -0.047611732, 0.036143996, -0.01924963, 0.031094428, -0.039934218, -0.051990557, 0.047642983, -0.039700255, 0.0515048, 0.020545274, 0.008375495, -0.034031816, 0.021700317, -0.014583142, 0.013758667, -0.03529246, 0.026868137, -0.021496812, 0.027913714, -0.0026080902, -0.040393487, -0.0136973895, 0.0069691027, 0.03234518, 0.027950589, 0.0040907734, -0.056213226, -0.014934986, -0.026098544, 0.06147205, -0.08495934, -0.0073819417, -0.033865206, 0.0012629065, 0.017692873, -0.0061230687, -0.0037960904, 0.018994648, -0.01075137, 0.020973183, -0.02359686, -0.008795128, 0.012645088, -0.059655983, -0.018542591, 0.041810382, -0.03649409, 0.0022267888, 0.0047543277, -0.016474344, -0.0037141298, -0.02604775, -0.02634092, -0.018206602, -0.032517668, 0.031320322, 0.01254654, 0.0128622465, -0.04214331, 0.042851485, -0.024990635, 0.008035149, 0.023573935, -0.018798394, -0.010725857, -0.027962502, -0.019484648, -0.05233907, 0.020042455, 0.01987316, -0.010026872, -0.024194367, -0.038698137, -0.046831742, 0.014803557, 0.018557258, -0.04714835, 0.020417383, -0.019357787, 0.0056995717, -0.03837111, 0.03230864, 0.017471608, 0.03406586, 0.06362825, 0.013357087, 0.023372829, -0.0089182155, 0.002654438, 0.009547785, -0.033131514, 0.07193567, -0.021521669, 0.047007225]",carpenter
id,2024-12-25T13:32:46.267341,"A new instance needs to be created for carpentry intermediate level, dealing with the skill set of woodworking and the level is intermediate. The understanding of blueprint reading is good. However, the precision measurement used is something more common, let's say something like feet. The maintenance of tools is done on a regular basis, and the knowledge of material includes wood, plywood, mdf. The design skills in furniture aren't available, and the severity of this instance is two.","```json
{
    ""Woodworking skills"": ""Intermediate"",
    ""Blueprint reading"": ""good"",
    ""Precision measurement"": ""feet"",
    ""Tool maintenance"": ""regular"",
    ""Material knowledge"": ""wood, plywood, mdf"",
    ""Furniture design"": ""null"",
    ""ruleInstanceName"": ""new instance for carpentry intermediate level"",
    ""severity"": 2
}","[-0.026871111, -0.06017054, -0.032317672, -0.0102544315, 0.0049060243, -0.017565489, 0.0058720508, -0.049174614, -0.023305293, -0.061687734, -0.047952965, -0.027773218, -0.031670887, -0.040892098, -0.018435068, 0.005341695, -0.0038752824, 0.007172118, 0.02282352, -0.022283586, -0.0054439544, 0.029793909, -0.00339315, -0.0031134835, 0.04406852, 0.064085245, -0.029049328, 0.03356341, -0.035149004, 0.0035853537, -0.031408537, -0.019228788, 0.012675048, -0.026979737, 0.015475017, -0.05041325, 0.048133302, 0.022141282, 0.024278188, 0.02482388, 0.016161118, -0.05406031, -0.0067390166, -0.042588085, -0.0032343913, 0.0077839913, 0.03666951, 0.028297573, 0.05494107, 0.021554599, 0.020728558, -0.01573131, 0.038398992, -0.009897532, 0.036286205, 0.033652626, -0.0025640698, -0.104929864, -0.048941456, -0.023870979, 0.032716297, 0.020558637, -0.053339526, 0.045165155, -0.02296299, -0.026072696, -0.028234122, -0.013958606, -0.025674153, -0.06477093, 0.04934821, -0.011170023, 0.010493995, 0.06371444, -0.049413513, 0.0047809714, 0.0045895847, -0.004583939, -0.046819348, 0.022673791, -0.009587239, 0.045710027, 0.023027634, -0.023515075, 0.09772019, -0.0020954332, -0.0016316114, 0.004421178, 0.09408609, 0.048655577, -0.04689084, -0.040214542, 0.022584844, 0.0025616717, -0.026527438, 0.052685153, -0.0020932197, 0.014302198, -0.043231297, 0.009647554, 0.04214326, 0.0077272397, -0.04237983, 0.016898412, 0.07030791, 0.009339263, -0.0013293821, -0.08727684, 0.038387936, 0.010906595, 0.011215114, 0.055953905, -0.028033396, 0.024699224, 0.037728414, -0.016420817, 0.0123104425, -0.009498598, 0.023747327, 0.0072345743, -0.034654234, 0.01062909, -0.01953023, 0.027312083, -0.022087857, -0.007823451, 0.009023357, -0.013775744, -0.0034258163, -0.025989488, 0.002383909, 0.013294495, -0.010083838, 0.013315229, 0.026393153, 0.04218369, -0.0066270097, -0.0065451735, -0.079315394, 0.013760433, 0.04380589, 0.0025822974, -0.04290285, -0.042172816, -0.027322227, -0.014544333, -0.006337543, 0.026011838, -0.04374621, -0.025229918, 0.013890637, -0.0047669737, 0.016704708, 0.05982652, -0.0071083102, -0.00965328, 0.008240424, -0.03353909, 0.050647777, 0.021048615, -0.048226163, -0.021387028, -0.041486725, 0.027477741, 0.0003493173, -0.044809565, 0.018524423, -0.029320186, 0.06774184, -0.0075331205, -0.04148418, 0.010404049, -0.007831518, -0.035801798, 0.01791162, 0.016465249, -0.032980323, 0.013723065, 0.013730128, -0.0305076, 0.010319499, 0.025973117, 0.0055074347, -0.006132926, 0.0037702385, 0.059894446, -0.02261338, -0.05091845, -0.022591356, 0.015779117, -0.024926735, 0.027096117, -0.011213178, -0.008170658, 0.0264425, 0.008055048, 0.027200425, 0.035909392, 0.021669326, -0.062367715, -0.021402644, 0.030479122, -0.0020573456, -0.0029478974, -0.013402024, -0.042749994, 0.009451957, 0.007823451, -0.016126027, -0.012410251, -0.011311883, 0.070608206, -0.02005996, 0.0007084894, 0.032001104, -0.07097298, 0.02124078, 0.04751243, -0.03342277, -0.024390584, 0.02445731, -0.029902536, 0.08750584, 0.037863575, 0.023595667, 0.004899936, -0.006590253, 0.0329548, 0.029573739, -0.0077239536, -0.019068139, -0.062675245, 0.0538058, -0.019279912, 0.012583737, -0.0058307033, 0.038188707, -0.051218342, -0.040962663, -0.027294556, -0.008195588, 0.036190853, 0.038629916, -0.034401607, -0.0099608125, 0.015989423, 0.01788058, 0.015226165, -0.0057032206, -0.022284286, -0.012644178, 0.039748594, -0.08559729, 0.0025021036, 0.01908127, -0.014721553, -0.0030036222, -0.016504003, -0.00783974, 0.028638976, 0.0037938277, -0.029787453, -0.03168199, 0.01226413, 0.039016116, -0.02799996, -0.009810346, 0.043378998, 0.046803243, 0.021633234, -0.0130078625, -0.065697305, -0.015394888, 0.0039555402, -0.025913011, -0.013690351, 0.03033172, -0.042856608, 0.025422143, -0.04121583, -0.017184006, 0.0042704833, 0.02433499, -0.0048830784, 0.006251064, 0.07373402, -0.0026977917, -0.022499954, 0.035913765, 0.10714454, -0.014387995, 0.023571903, -0.02972318, 0.06482418, 0.022498885, 0.007454357, 0.006608593, -0.0004684025, -0.017951353, 0.0046124086, -0.031138988, 0.0036818082, 0.0027514733, 0.01623317, 0.0054050526, 0.0062440536, 0.025543375, -0.036957767, 0.039684385, -0.008845068, 0.021609643, -0.0030711694, -0.0033038766, -0.06524948, -0.039713353, -0.009132306, -0.0012747372, 0.02420059, -0.03009517, -0.020215567, 0.013743388, 0.017421912, 0.03997457, -0.094481945, 0.028499542, 0.06000294, -0.01967305, 0.018557768, 0.005118829, -0.006626824, 0.0064863837, 0.06481119, -0.08451711, 0.018575247, -0.0120971175, -0.0015652945, -0.006653542, -0.06383568, 0.084562704, 0.005010812, 0.017918589, -0.053208675, 0.03593387, -0.007373352, -0.018102704, -0.0065475004, -0.01491091, 0.04260992, 0.018790789, 0.007138955, -0.0008387656, -0.017931696, -0.0023759897, 0.022681272, 0.016324827, 0.043183032, 0.057273205, -0.006286318, 0.045376703, -0.017540734, -0.014187752, -0.028819397, -0.010464746, -0.012151752, -0.05830465, 0.08692199, 0.01588593, 0.06762866, 0.0042591016, -0.018755477, -0.0394138, -0.037124638, -0.0065335743, 0.03074485, -0.007121438, 0.0065089213, 0.0029828425, -0.005126922, -0.01738007, -0.044893496, 0.026119716, -0.010789456, 0.03364347, -0.008067389, 0.018684594, 0.038924184, 0.018218655, -0.029521339, -0.01775324, -0.002084205, -0.0026324384, -0.043831214, -0.049095497, 0.0047084084, 0.025811719, -0.007247768, -0.005065787, 0.010668035, -0.08458481, 0.038590558, -0.08118681, -0.04991191, -0.0051846555, 0.04404977, -0.008636995, -0.020095997, 0.047582075, -0.009917863, 0.021873761, 0.0019357518, 0.008686909, -0.08410152, 0.036236636, -0.1117617, 0.015210012, -0.032065313, 0.06525896, -0.006927508, -0.03453276, -0.02567519, 0.07026845, 0.025568284, 0.00993049, 0.05843124, 0.0295974, 0.022685656, -0.01983262, 0.024989743, 0.0041133906, -0.06856598, 0.016127095, -0.031135919, 0.004995863, 0.04825713, -0.031684734, 0.015057373, 0.024637695, 0.0381141, 0.023462094, 0.06850328, -0.021602934, -0.00044953855, -0.0063147317, 0.021470625, 0.024702098, -0.0019334988, 0.0077892, -0.029093055, -0.0023066204, 0.008727618, 0.0251995, -0.055212904, -0.017928524, 0.006403046, 0.016575437, 0.029994434, 0.025527626, 0.0046251724, -0.0034794663, -0.07236073, -0.011833422, 0.0034170053, -0.12535815, 0.050634418, -0.043426227, 0.05186994, -0.022274164, 0.030618032, -0.04008591, 0.058012336, 0.024615983, -0.05291634, 0.020173246, -0.028402168, -0.026553877, 0.051546454, 0.012973581, 0.027261525, -0.021718109, 0.064159885, 0.01548626, 0.0031176205, -0.0043221842, -0.038416043, -0.045587093, -0.0056964173, -0.04932107, 0.012274218, 0.014123099, 0.01276114, -0.055350177, -0.008977265, 0.025618374, 0.039238025, -0.06576819, 0.035055656, -0.01705095, 0.035891216, 0.0037763745, -0.045942906, -0.03774494, 0.051072814, 0.020135421, -0.01605004, 0.03095696, 0.014696661, 0.055235438, -0.06662254, 0.010046642, 0.06686683, 0.024151608, 0.016826104, 0.028233524, -0.022663742, 0.063889526, -0.011968916, 0.076156884, 0.05883936, -0.058596596, 0.03642091, -0.046174202, 0.023160987, -0.020771258, 0.059346188, -0.023622826, 0.03860498, -0.036493786, -0.0034517997, 0.024359634, 0.032469872, 0.0022442602, 0.036043793, -0.041862074, 0.0063218484, -0.0002355346, 0.009158572, -0.029672425, -0.0049441825, 0.023615867, -0.027042387, -0.0012750453, 0.029078502, -0.024882875, 0.014017477, 0.064307444, 0.019027926, 0.014358978, 0.040931575, 0.044295743, -0.08069198, -0.013039578, -0.038886182, 0.031270202, -0.022805616, -0.04612585, -0.002219226, -0.0046238075, 0.0037357728, -0.047665536, -0.05292818, 0.025564628, -0.056271058, 0.0524962, 0.030449184, 0.019582294, -0.06947749, -0.023621025, -0.037720367, 0.038714886, -0.043189738, -0.019278383, -0.08670787, 0.0004295082, 0.0503258, 0.022966232, 0.01116858, -0.009244541, -0.025054343, -0.005796962, -0.0051059783, 0.02893105, -0.033995967, 0.045749806, 0.03637052, 0.018197557, -0.009871438, -0.0022095216, 0.011263486, 0.015984125, -0.010340818, -0.051892746, 0.025207425, 0.026752198, 0.008409249, -0.023163311, 0.07729119, 0.05436685, -0.30108723, 0.03292166, -0.0045958804, 0.030352041, -0.015073621, 0.013882334, -0.026269456, 0.04127423, 0.045433987, -0.0059151617, -0.033650868, -0.028626027, 0.07685927, -0.011487408, -0.0024521071, -0.008385568, -0.011482466, 0.0052934275, 0.00032597798, 0.055327713, 0.00439415, -0.038373653, -0.064921655, 0.029398357, -0.07647998, 0.046502404, -0.02836301, 0.06287873, -0.0044320985, 0.04346407, 0.026244849, 0.036219526, -0.01118418, -0.050087485, 0.02394903, -0.049478486, -0.014731865, 0.02804963, 0.010173052, 0.021148311, 0.02473949, -0.040068656, 0.057257403, 0.034895897, 0.018516207, -0.029818175, 0.0045366273, 0.028637834, -0.0032078095, 0.023260053, 0.040280826, -0.003191946, -0.0009973185, 0.035243135, 0.062753275, -0.023209672, -0.038109925, 0.035911728, -0.0020960353, -0.008744286, 0.01405934, -0.0024296967, 0.0015527509, 0.024012974, -0.02039768, -0.0132819265, -0.030843304, -0.012978875, -0.026985757, 0.033089943, 0.05032646, -0.10773787, -0.023588538, 0.020069098, 0.07077119, -0.030658292, 0.0303679, -0.04760681, 0.036151186, -0.019247223, 0.031110443, -0.039934143, -0.052014474, 0.047618456, -0.03972292, 0.051483236, 0.020548077, 0.008381655, -0.03404284, 0.021706335, -0.014568751, 0.01377364, -0.035304073, 0.02686119, -0.021507919, 0.027899051, -0.0026179168, -0.04035982, -0.013684078, 0.0069531295, 0.032335415, 0.027961636, 0.0040854285, -0.056216087, -0.014934656, -0.0260926, 0.061457653, -0.08493801, -0.0073918696, -0.03388592, 0.0012748912, 0.017695256, -0.006123525, -0.0037965039, 0.01898348, -0.010766344, 0.020964855, -0.02358709, -0.008774335, 0.01266934, -0.059657313, -0.0185664, 0.04182421, -0.036520965, 0.0022276717, 0.0047480594, -0.016460361, -0.0037227178, -0.026050145, -0.026318287, -0.018187204, -0.032519177, 0.031299975, 0.012549988, 0.012846464, -0.042139687, 0.04286868, -0.024984539, 0.008064686, 0.02357285, -0.01880614, -0.0107261175, -0.027983494, -0.019486312, -0.052347913, 0.020042313, 0.019878203, -0.010013478, -0.024191534, -0.038680766, -0.046847027, 0.01481204, 0.018564055, -0.047136664, 0.020416161, -0.019351032, 0.0056967176, -0.03837899, 0.03229226, 0.01747639, 0.03404275, 0.0636152, 0.013350427, 0.023387771, -0.008911649, 0.0026742837, 0.009537131, -0.03313669, 0.07193755, -0.021510862, 0.04701628]",carpenter
id,2024-12-25T13:38:46.135496,"A new instance needs to be created for carpentry intermediate level, dealing with the skill set of woodworking and the level is intermediate. The understanding of blueprint reading is good. However, the precision measurement used is something more common, let's say something like feet. The maintenance of tools is done on a regular basis, and the knowledge of material includes wood, plywood, mdf. The design skills in furniture aren't available, and the severity of this instance is two.","```json
{
    ""Woodworking skills"": ""Intermediate"",
    ""Blueprint reading"": ""good"",
    ""Precision measurement"": ""feet"",
    ""Tool maintenance"": ""regular"",
    ""Material knowledge"": ""wood, plywood, mdf"",
    ""Furniture design"": ""null"",
    ""ruleInstanceName"": ""new instance for carpentry intermediate level"",
    ""severity"": 2
}","[-0.026871111, -0.06017054, -0.032317672, -0.0102544315, 0.0049060243, -0.017565489, 0.0058720508, -0.049174614, -0.023305293, -0.061687734, -0.047952965, -0.027773218, -0.031670887, -0.040892098, -0.018435068, 0.005341695, -0.0038752824, 0.007172118, 0.02282352, -0.022283586, -0.0054439544, 0.029793909, -0.00339315, -0.0031134835, 0.04406852, 0.064085245, -0.029049328, 0.03356341, -0.035149004, 0.0035853537, -0.031408537, -0.019228788, 0.012675048, -0.026979737, 0.015475017, -0.05041325, 0.048133302, 0.022141282, 0.024278188, 0.02482388, 0.016161118, -0.05406031, -0.0067390166, -0.042588085, -0.0032343913, 0.0077839913, 0.03666951, 0.028297573, 0.05494107, 0.021554599, 0.020728558, -0.01573131, 0.038398992, -0.009897532, 0.036286205, 0.033652626, -0.0025640698, -0.104929864, -0.048941456, -0.023870979, 0.032716297, 0.020558637, -0.053339526, 0.045165155, -0.02296299, -0.026072696, -0.028234122, -0.013958606, -0.025674153, -0.06477093, 0.04934821, -0.011170023, 0.010493995, 0.06371444, -0.049413513, 0.0047809714, 0.0045895847, -0.004583939, -0.046819348, 0.022673791, -0.009587239, 0.045710027, 0.023027634, -0.023515075, 0.09772019, -0.0020954332, -0.0016316114, 0.004421178, 0.09408609, 0.048655577, -0.04689084, -0.040214542, 0.022584844, 0.0025616717, -0.026527438, 0.052685153, -0.0020932197, 0.014302198, -0.043231297, 0.009647554, 0.04214326, 0.0077272397, -0.04237983, 0.016898412, 0.07030791, 0.009339263, -0.0013293821, -0.08727684, 0.038387936, 0.010906595, 0.011215114, 0.055953905, -0.028033396, 0.024699224, 0.037728414, -0.016420817, 0.0123104425, -0.009498598, 0.023747327, 0.0072345743, -0.034654234, 0.01062909, -0.01953023, 0.027312083, -0.022087857, -0.007823451, 0.009023357, -0.013775744, -0.0034258163, -0.025989488, 0.002383909, 0.013294495, -0.010083838, 0.013315229, 0.026393153, 0.04218369, -0.0066270097, -0.0065451735, -0.079315394, 0.013760433, 0.04380589, 0.0025822974, -0.04290285, -0.042172816, -0.027322227, -0.014544333, -0.006337543, 0.026011838, -0.04374621, -0.025229918, 0.013890637, -0.0047669737, 0.016704708, 0.05982652, -0.0071083102, -0.00965328, 0.008240424, -0.03353909, 0.050647777, 0.021048615, -0.048226163, -0.021387028, -0.041486725, 0.027477741, 0.0003493173, -0.044809565, 0.018524423, -0.029320186, 0.06774184, -0.0075331205, -0.04148418, 0.010404049, -0.007831518, -0.035801798, 0.01791162, 0.016465249, -0.032980323, 0.013723065, 0.013730128, -0.0305076, 0.010319499, 0.025973117, 0.0055074347, -0.006132926, 0.0037702385, 0.059894446, -0.02261338, -0.05091845, -0.022591356, 0.015779117, -0.024926735, 0.027096117, -0.011213178, -0.008170658, 0.0264425, 0.008055048, 0.027200425, 0.035909392, 0.021669326, -0.062367715, -0.021402644, 0.030479122, -0.0020573456, -0.0029478974, -0.013402024, -0.042749994, 0.009451957, 0.007823451, -0.016126027, -0.012410251, -0.011311883, 0.070608206, -0.02005996, 0.0007084894, 0.032001104, -0.07097298, 0.02124078, 0.04751243, -0.03342277, -0.024390584, 0.02445731, -0.029902536, 0.08750584, 0.037863575, 0.023595667, 0.004899936, -0.006590253, 0.0329548, 0.029573739, -0.0077239536, -0.019068139, -0.062675245, 0.0538058, -0.019279912, 0.012583737, -0.0058307033, 0.038188707, -0.051218342, -0.040962663, -0.027294556, -0.008195588, 0.036190853, 0.038629916, -0.034401607, -0.0099608125, 0.015989423, 0.01788058, 0.015226165, -0.0057032206, -0.022284286, -0.012644178, 0.039748594, -0.08559729, 0.0025021036, 0.01908127, -0.014721553, -0.0030036222, -0.016504003, -0.00783974, 0.028638976, 0.0037938277, -0.029787453, -0.03168199, 0.01226413, 0.039016116, -0.02799996, -0.009810346, 0.043378998, 0.046803243, 0.021633234, -0.0130078625, -0.065697305, -0.015394888, 0.0039555402, -0.025913011, -0.013690351, 0.03033172, -0.042856608, 0.025422143, -0.04121583, -0.017184006, 0.0042704833, 0.02433499, -0.0048830784, 0.006251064, 0.07373402, -0.0026977917, -0.022499954, 0.035913765, 0.10714454, -0.014387995, 0.023571903, -0.02972318, 0.06482418, 0.022498885, 0.007454357, 0.006608593, -0.0004684025, -0.017951353, 0.0046124086, -0.031138988, 0.0036818082, 0.0027514733, 0.01623317, 0.0054050526, 0.0062440536, 0.025543375, -0.036957767, 0.039684385, -0.008845068, 0.021609643, -0.0030711694, -0.0033038766, -0.06524948, -0.039713353, -0.009132306, -0.0012747372, 0.02420059, -0.03009517, -0.020215567, 0.013743388, 0.017421912, 0.03997457, -0.094481945, 0.028499542, 0.06000294, -0.01967305, 0.018557768, 0.005118829, -0.006626824, 0.0064863837, 0.06481119, -0.08451711, 0.018575247, -0.0120971175, -0.0015652945, -0.006653542, -0.06383568, 0.084562704, 0.005010812, 0.017918589, -0.053208675, 0.03593387, -0.007373352, -0.018102704, -0.0065475004, -0.01491091, 0.04260992, 0.018790789, 0.007138955, -0.0008387656, -0.017931696, -0.0023759897, 0.022681272, 0.016324827, 0.043183032, 0.057273205, -0.006286318, 0.045376703, -0.017540734, -0.014187752, -0.028819397, -0.010464746, -0.012151752, -0.05830465, 0.08692199, 0.01588593, 0.06762866, 0.0042591016, -0.018755477, -0.0394138, -0.037124638, -0.0065335743, 0.03074485, -0.007121438, 0.0065089213, 0.0029828425, -0.005126922, -0.01738007, -0.044893496, 0.026119716, -0.010789456, 0.03364347, -0.008067389, 0.018684594, 0.038924184, 0.018218655, -0.029521339, -0.01775324, -0.002084205, -0.0026324384, -0.043831214, -0.049095497, 0.0047084084, 0.025811719, -0.007247768, -0.005065787, 0.010668035, -0.08458481, 0.038590558, -0.08118681, -0.04991191, -0.0051846555, 0.04404977, -0.008636995, -0.020095997, 0.047582075, -0.009917863, 0.021873761, 0.0019357518, 0.008686909, -0.08410152, 0.036236636, -0.1117617, 0.015210012, -0.032065313, 0.06525896, -0.006927508, -0.03453276, -0.02567519, 0.07026845, 0.025568284, 0.00993049, 0.05843124, 0.0295974, 0.022685656, -0.01983262, 0.024989743, 0.0041133906, -0.06856598, 0.016127095, -0.031135919, 0.004995863, 0.04825713, -0.031684734, 0.015057373, 0.024637695, 0.0381141, 0.023462094, 0.06850328, -0.021602934, -0.00044953855, -0.0063147317, 0.021470625, 0.024702098, -0.0019334988, 0.0077892, -0.029093055, -0.0023066204, 0.008727618, 0.0251995, -0.055212904, -0.017928524, 0.006403046, 0.016575437, 0.029994434, 0.025527626, 0.0046251724, -0.0034794663, -0.07236073, -0.011833422, 0.0034170053, -0.12535815, 0.050634418, -0.043426227, 0.05186994, -0.022274164, 0.030618032, -0.04008591, 0.058012336, 0.024615983, -0.05291634, 0.020173246, -0.028402168, -0.026553877, 0.051546454, 0.012973581, 0.027261525, -0.021718109, 0.064159885, 0.01548626, 0.0031176205, -0.0043221842, -0.038416043, -0.045587093, -0.0056964173, -0.04932107, 0.012274218, 0.014123099, 0.01276114, -0.055350177, -0.008977265, 0.025618374, 0.039238025, -0.06576819, 0.035055656, -0.01705095, 0.035891216, 0.0037763745, -0.045942906, -0.03774494, 0.051072814, 0.020135421, -0.01605004, 0.03095696, 0.014696661, 0.055235438, -0.06662254, 0.010046642, 0.06686683, 0.024151608, 0.016826104, 0.028233524, -0.022663742, 0.063889526, -0.011968916, 0.076156884, 0.05883936, -0.058596596, 0.03642091, -0.046174202, 0.023160987, -0.020771258, 0.059346188, -0.023622826, 0.03860498, -0.036493786, -0.0034517997, 0.024359634, 0.032469872, 0.0022442602, 0.036043793, -0.041862074, 0.0063218484, -0.0002355346, 0.009158572, -0.029672425, -0.0049441825, 0.023615867, -0.027042387, -0.0012750453, 0.029078502, -0.024882875, 0.014017477, 0.064307444, 0.019027926, 0.014358978, 0.040931575, 0.044295743, -0.08069198, -0.013039578, -0.038886182, 0.031270202, -0.022805616, -0.04612585, -0.002219226, -0.0046238075, 0.0037357728, -0.047665536, -0.05292818, 0.025564628, -0.056271058, 0.0524962, 0.030449184, 0.019582294, -0.06947749, -0.023621025, -0.037720367, 0.038714886, -0.043189738, -0.019278383, -0.08670787, 0.0004295082, 0.0503258, 0.022966232, 0.01116858, -0.009244541, -0.025054343, -0.005796962, -0.0051059783, 0.02893105, -0.033995967, 0.045749806, 0.03637052, 0.018197557, -0.009871438, -0.0022095216, 0.011263486, 0.015984125, -0.010340818, -0.051892746, 0.025207425, 0.026752198, 0.008409249, -0.023163311, 0.07729119, 0.05436685, -0.30108723, 0.03292166, -0.0045958804, 0.030352041, -0.015073621, 0.013882334, -0.026269456, 0.04127423, 0.045433987, -0.0059151617, -0.033650868, -0.028626027, 0.07685927, -0.011487408, -0.0024521071, -0.008385568, -0.011482466, 0.0052934275, 0.00032597798, 0.055327713, 0.00439415, -0.038373653, -0.064921655, 0.029398357, -0.07647998, 0.046502404, -0.02836301, 0.06287873, -0.0044320985, 0.04346407, 0.026244849, 0.036219526, -0.01118418, -0.050087485, 0.02394903, -0.049478486, -0.014731865, 0.02804963, 0.010173052, 0.021148311, 0.02473949, -0.040068656, 0.057257403, 0.034895897, 0.018516207, -0.029818175, 0.0045366273, 0.028637834, -0.0032078095, 0.023260053, 0.040280826, -0.003191946, -0.0009973185, 0.035243135, 0.062753275, -0.023209672, -0.038109925, 0.035911728, -0.0020960353, -0.008744286, 0.01405934, -0.0024296967, 0.0015527509, 0.024012974, -0.02039768, -0.0132819265, -0.030843304, -0.012978875, -0.026985757, 0.033089943, 0.05032646, -0.10773787, -0.023588538, 0.020069098, 0.07077119, -0.030658292, 0.0303679, -0.04760681, 0.036151186, -0.019247223, 0.031110443, -0.039934143, -0.052014474, 0.047618456, -0.03972292, 0.051483236, 0.020548077, 0.008381655, -0.03404284, 0.021706335, -0.014568751, 0.01377364, -0.035304073, 0.02686119, -0.021507919, 0.027899051, -0.0026179168, -0.04035982, -0.013684078, 0.0069531295, 0.032335415, 0.027961636, 0.0040854285, -0.056216087, -0.014934656, -0.0260926, 0.061457653, -0.08493801, -0.0073918696, -0.03388592, 0.0012748912, 0.017695256, -0.006123525, -0.0037965039, 0.01898348, -0.010766344, 0.020964855, -0.02358709, -0.008774335, 0.01266934, -0.059657313, -0.0185664, 0.04182421, -0.036520965, 0.0022276717, 0.0047480594, -0.016460361, -0.0037227178, -0.026050145, -0.026318287, -0.018187204, -0.032519177, 0.031299975, 0.012549988, 0.012846464, -0.042139687, 0.04286868, -0.024984539, 0.008064686, 0.02357285, -0.01880614, -0.0107261175, -0.027983494, -0.019486312, -0.052347913, 0.020042313, 0.019878203, -0.010013478, -0.024191534, -0.038680766, -0.046847027, 0.01481204, 0.018564055, -0.047136664, 0.020416161, -0.019351032, 0.0056967176, -0.03837899, 0.03229226, 0.01747639, 0.03404275, 0.0636152, 0.013350427, 0.023387771, -0.008911649, 0.0026742837, 0.009537131, -0.03313669, 0.07193755, -0.021510862, 0.04701628]",carpenter
id,2024-12-25T14:39:52.688483,"A new instance needs to be created for carpentry intermediate level, dealing with the skill set of woodworking and the level is intermediate. The understanding of blueprint reading is good. However, the precision measurement used is something more common, let's say something like feet. The maintenance of tools is done on a regular basis, and the knowledge of material includes wood, plywood, mdf. The design skills in furniture aren't available, and the severity of this instance is two.","```json
{
    ""Woodworking skills"": ""Intermediate"",
    ""Blueprint reading"": ""good"",
    ""Precision measurement"": ""feet"",
    ""Tool maintenance"": ""regular"",
    ""Material knowledge"": ""wood, plywood, mdf"",
    ""Furniture design"": ""null"",
    ""ruleInstanceName"": ""new instance for carpentry intermediate level"",
    ""severity"": 2
}","[-0.026871111, -0.06017054, -0.032317672, -0.0102544315, 0.0049060243, -0.017565489, 0.0058720508, -0.049174614, -0.023305293, -0.061687734, -0.047952965, -0.027773218, -0.031670887, -0.040892098, -0.018435068, 0.005341695, -0.0038752824, 0.007172118, 0.02282352, -0.022283586, -0.0054439544, 0.029793909, -0.00339315, -0.0031134835, 0.04406852, 0.064085245, -0.029049328, 0.03356341, -0.035149004, 0.0035853537, -0.031408537, -0.019228788, 0.012675048, -0.026979737, 0.015475017, -0.05041325, 0.048133302, 0.022141282, 0.024278188, 0.02482388, 0.016161118, -0.05406031, -0.0067390166, -0.042588085, -0.0032343913, 0.0077839913, 0.03666951, 0.028297573, 0.05494107, 0.021554599, 0.020728558, -0.01573131, 0.038398992, -0.009897532, 0.036286205, 0.033652626, -0.0025640698, -0.104929864, -0.048941456, -0.023870979, 0.032716297, 0.020558637, -0.053339526, 0.045165155, -0.02296299, -0.026072696, -0.028234122, -0.013958606, -0.025674153, -0.06477093, 0.04934821, -0.011170023, 0.010493995, 0.06371444, -0.049413513, 0.0047809714, 0.0045895847, -0.004583939, -0.046819348, 0.022673791, -0.009587239, 0.045710027, 0.023027634, -0.023515075, 0.09772019, -0.0020954332, -0.0016316114, 0.004421178, 0.09408609, 0.048655577, -0.04689084, -0.040214542, 0.022584844, 0.0025616717, -0.026527438, 0.052685153, -0.0020932197, 0.014302198, -0.043231297, 0.009647554, 0.04214326, 0.0077272397, -0.04237983, 0.016898412, 0.07030791, 0.009339263, -0.0013293821, -0.08727684, 0.038387936, 0.010906595, 0.011215114, 0.055953905, -0.028033396, 0.024699224, 0.037728414, -0.016420817, 0.0123104425, -0.009498598, 0.023747327, 0.0072345743, -0.034654234, 0.01062909, -0.01953023, 0.027312083, -0.022087857, -0.007823451, 0.009023357, -0.013775744, -0.0034258163, -0.025989488, 0.002383909, 0.013294495, -0.010083838, 0.013315229, 0.026393153, 0.04218369, -0.0066270097, -0.0065451735, -0.079315394, 0.013760433, 0.04380589, 0.0025822974, -0.04290285, -0.042172816, -0.027322227, -0.014544333, -0.006337543, 0.026011838, -0.04374621, -0.025229918, 0.013890637, -0.0047669737, 0.016704708, 0.05982652, -0.0071083102, -0.00965328, 0.008240424, -0.03353909, 0.050647777, 0.021048615, -0.048226163, -0.021387028, -0.041486725, 0.027477741, 0.0003493173, -0.044809565, 0.018524423, -0.029320186, 0.06774184, -0.0075331205, -0.04148418, 0.010404049, -0.007831518, -0.035801798, 0.01791162, 0.016465249, -0.032980323, 0.013723065, 0.013730128, -0.0305076, 0.010319499, 0.025973117, 0.0055074347, -0.006132926, 0.0037702385, 0.059894446, -0.02261338, -0.05091845, -0.022591356, 0.015779117, -0.024926735, 0.027096117, -0.011213178, -0.008170658, 0.0264425, 0.008055048, 0.027200425, 0.035909392, 0.021669326, -0.062367715, -0.021402644, 0.030479122, -0.0020573456, -0.0029478974, -0.013402024, -0.042749994, 0.009451957, 0.007823451, -0.016126027, -0.012410251, -0.011311883, 0.070608206, -0.02005996, 0.0007084894, 0.032001104, -0.07097298, 0.02124078, 0.04751243, -0.03342277, -0.024390584, 0.02445731, -0.029902536, 0.08750584, 0.037863575, 0.023595667, 0.004899936, -0.006590253, 0.0329548, 0.029573739, -0.0077239536, -0.019068139, -0.062675245, 0.0538058, -0.019279912, 0.012583737, -0.0058307033, 0.038188707, -0.051218342, -0.040962663, -0.027294556, -0.008195588, 0.036190853, 0.038629916, -0.034401607, -0.0099608125, 0.015989423, 0.01788058, 0.015226165, -0.0057032206, -0.022284286, -0.012644178, 0.039748594, -0.08559729, 0.0025021036, 0.01908127, -0.014721553, -0.0030036222, -0.016504003, -0.00783974, 0.028638976, 0.0037938277, -0.029787453, -0.03168199, 0.01226413, 0.039016116, -0.02799996, -0.009810346, 0.043378998, 0.046803243, 0.021633234, -0.0130078625, -0.065697305, -0.015394888, 0.0039555402, -0.025913011, -0.013690351, 0.03033172, -0.042856608, 0.025422143, -0.04121583, -0.017184006, 0.0042704833, 0.02433499, -0.0048830784, 0.006251064, 0.07373402, -0.0026977917, -0.022499954, 0.035913765, 0.10714454, -0.014387995, 0.023571903, -0.02972318, 0.06482418, 0.022498885, 0.007454357, 0.006608593, -0.0004684025, -0.017951353, 0.0046124086, -0.031138988, 0.0036818082, 0.0027514733, 0.01623317, 0.0054050526, 0.0062440536, 0.025543375, -0.036957767, 0.039684385, -0.008845068, 0.021609643, -0.0030711694, -0.0033038766, -0.06524948, -0.039713353, -0.009132306, -0.0012747372, 0.02420059, -0.03009517, -0.020215567, 0.013743388, 0.017421912, 0.03997457, -0.094481945, 0.028499542, 0.06000294, -0.01967305, 0.018557768, 0.005118829, -0.006626824, 0.0064863837, 0.06481119, -0.08451711, 0.018575247, -0.0120971175, -0.0015652945, -0.006653542, -0.06383568, 0.084562704, 0.005010812, 0.017918589, -0.053208675, 0.03593387, -0.007373352, -0.018102704, -0.0065475004, -0.01491091, 0.04260992, 0.018790789, 0.007138955, -0.0008387656, -0.017931696, -0.0023759897, 0.022681272, 0.016324827, 0.043183032, 0.057273205, -0.006286318, 0.045376703, -0.017540734, -0.014187752, -0.028819397, -0.010464746, -0.012151752, -0.05830465, 0.08692199, 0.01588593, 0.06762866, 0.0042591016, -0.018755477, -0.0394138, -0.037124638, -0.0065335743, 0.03074485, -0.007121438, 0.0065089213, 0.0029828425, -0.005126922, -0.01738007, -0.044893496, 0.026119716, -0.010789456, 0.03364347, -0.008067389, 0.018684594, 0.038924184, 0.018218655, -0.029521339, -0.01775324, -0.002084205, -0.0026324384, -0.043831214, -0.049095497, 0.0047084084, 0.025811719, -0.007247768, -0.005065787, 0.010668035, -0.08458481, 0.038590558, -0.08118681, -0.04991191, -0.0051846555, 0.04404977, -0.008636995, -0.020095997, 0.047582075, -0.009917863, 0.021873761, 0.0019357518, 0.008686909, -0.08410152, 0.036236636, -0.1117617, 0.015210012, -0.032065313, 0.06525896, -0.006927508, -0.03453276, -0.02567519, 0.07026845, 0.025568284, 0.00993049, 0.05843124, 0.0295974, 0.022685656, -0.01983262, 0.024989743, 0.0041133906, -0.06856598, 0.016127095, -0.031135919, 0.004995863, 0.04825713, -0.031684734, 0.015057373, 0.024637695, 0.0381141, 0.023462094, 0.06850328, -0.021602934, -0.00044953855, -0.0063147317, 0.021470625, 0.024702098, -0.0019334988, 0.0077892, -0.029093055, -0.0023066204, 0.008727618, 0.0251995, -0.055212904, -0.017928524, 0.006403046, 0.016575437, 0.029994434, 0.025527626, 0.0046251724, -0.0034794663, -0.07236073, -0.011833422, 0.0034170053, -0.12535815, 0.050634418, -0.043426227, 0.05186994, -0.022274164, 0.030618032, -0.04008591, 0.058012336, 0.024615983, -0.05291634, 0.020173246, -0.028402168, -0.026553877, 0.051546454, 0.012973581, 0.027261525, -0.021718109, 0.064159885, 0.01548626, 0.0031176205, -0.0043221842, -0.038416043, -0.045587093, -0.0056964173, -0.04932107, 0.012274218, 0.014123099, 0.01276114, -0.055350177, -0.008977265, 0.025618374, 0.039238025, -0.06576819, 0.035055656, -0.01705095, 0.035891216, 0.0037763745, -0.045942906, -0.03774494, 0.051072814, 0.020135421, -0.01605004, 0.03095696, 0.014696661, 0.055235438, -0.06662254, 0.010046642, 0.06686683, 0.024151608, 0.016826104, 0.028233524, -0.022663742, 0.063889526, -0.011968916, 0.076156884, 0.05883936, -0.058596596, 0.03642091, -0.046174202, 0.023160987, -0.020771258, 0.059346188, -0.023622826, 0.03860498, -0.036493786, -0.0034517997, 0.024359634, 0.032469872, 0.0022442602, 0.036043793, -0.041862074, 0.0063218484, -0.0002355346, 0.009158572, -0.029672425, -0.0049441825, 0.023615867, -0.027042387, -0.0012750453, 0.029078502, -0.024882875, 0.014017477, 0.064307444, 0.019027926, 0.014358978, 0.040931575, 0.044295743, -0.08069198, -0.013039578, -0.038886182, 0.031270202, -0.022805616, -0.04612585, -0.002219226, -0.0046238075, 0.0037357728, -0.047665536, -0.05292818, 0.025564628, -0.056271058, 0.0524962, 0.030449184, 0.019582294, -0.06947749, -0.023621025, -0.037720367, 0.038714886, -0.043189738, -0.019278383, -0.08670787, 0.0004295082, 0.0503258, 0.022966232, 0.01116858, -0.009244541, -0.025054343, -0.005796962, -0.0051059783, 0.02893105, -0.033995967, 0.045749806, 0.03637052, 0.018197557, -0.009871438, -0.0022095216, 0.011263486, 0.015984125, -0.010340818, -0.051892746, 0.025207425, 0.026752198, 0.008409249, -0.023163311, 0.07729119, 0.05436685, -0.30108723, 0.03292166, -0.0045958804, 0.030352041, -0.015073621, 0.013882334, -0.026269456, 0.04127423, 0.045433987, -0.0059151617, -0.033650868, -0.028626027, 0.07685927, -0.011487408, -0.0024521071, -0.008385568, -0.011482466, 0.0052934275, 0.00032597798, 0.055327713, 0.00439415, -0.038373653, -0.064921655, 0.029398357, -0.07647998, 0.046502404, -0.02836301, 0.06287873, -0.0044320985, 0.04346407, 0.026244849, 0.036219526, -0.01118418, -0.050087485, 0.02394903, -0.049478486, -0.014731865, 0.02804963, 0.010173052, 0.021148311, 0.02473949, -0.040068656, 0.057257403, 0.034895897, 0.018516207, -0.029818175, 0.0045366273, 0.028637834, -0.0032078095, 0.023260053, 0.040280826, -0.003191946, -0.0009973185, 0.035243135, 0.062753275, -0.023209672, -0.038109925, 0.035911728, -0.0020960353, -0.008744286, 0.01405934, -0.0024296967, 0.0015527509, 0.024012974, -0.02039768, -0.0132819265, -0.030843304, -0.012978875, -0.026985757, 0.033089943, 0.05032646, -0.10773787, -0.023588538, 0.020069098, 0.07077119, -0.030658292, 0.0303679, -0.04760681, 0.036151186, -0.019247223, 0.031110443, -0.039934143, -0.052014474, 0.047618456, -0.03972292, 0.051483236, 0.020548077, 0.008381655, -0.03404284, 0.021706335, -0.014568751, 0.01377364, -0.035304073, 0.02686119, -0.021507919, 0.027899051, -0.0026179168, -0.04035982, -0.013684078, 0.0069531295, 0.032335415, 0.027961636, 0.0040854285, -0.056216087, -0.014934656, -0.0260926, 0.061457653, -0.08493801, -0.0073918696, -0.03388592, 0.0012748912, 0.017695256, -0.006123525, -0.0037965039, 0.01898348, -0.010766344, 0.020964855, -0.02358709, -0.008774335, 0.01266934, -0.059657313, -0.0185664, 0.04182421, -0.036520965, 0.0022276717, 0.0047480594, -0.016460361, -0.0037227178, -0.026050145, -0.026318287, -0.018187204, -0.032519177, 0.031299975, 0.012549988, 0.012846464, -0.042139687, 0.04286868, -0.024984539, 0.008064686, 0.02357285, -0.01880614, -0.0107261175, -0.027983494, -0.019486312, -0.052347913, 0.020042313, 0.019878203, -0.010013478, -0.024191534, -0.038680766, -0.046847027, 0.01481204, 0.018564055, -0.047136664, 0.020416161, -0.019351032, 0.0056967176, -0.03837899, 0.03229226, 0.01747639, 0.03404275, 0.0636152, 0.013350427, 0.023387771, -0.008911649, 0.0026742837, 0.009537131, -0.03313669, 0.07193755, -0.021510862, 0.04701628]",carpenter
